{"version":6,"validation":{"int8":{"support":211968,"confusion_matrix":[[211943,1,1,0,0,0,0],[0,3,0,0,0,0,0],[1,0,2,0,0,0,0],[0,0,0,2,0,0,0],[0,0,0,0,8,0,0],[0,0,0,0,0,3,0],[1,0,0,0,0,0,3]],"non_background":{"precision":0.9130434782608695,"recall":0.9130434782608695,"f1":0.9130434782608695},"classification_report":{"0":{"precision":0.9999905635896105,"recall":0.9999905635896105,"f1-score":0.9999905635896105,"support":211945},"1":{"precision":0.75,"recall":1,"f1-score":0.8571428571428571,"support":3},"2":{"precision":0.6666666666666666,"recall":0.6666666666666666,"f1-score":0.6666666666666666,"support":3},"3":{"precision":1,"recall":1,"f1-score":1,"support":2},"4":{"precision":1,"recall":1,"f1-score":1,"support":8},"5":{"precision":1,"recall":1,"f1-score":1,"support":3},"6":{"precision":1,"recall":0.75,"f1-score":0.8571428571428571,"support":4},"accuracy":0.9999811292270532,"macro avg":{"precision":0.9166653186080396,"recall":0.9166653186080396,"f1-score":0.9115632777917131,"support":211968},"weighted avg":{"precision":0.9999823086503623,"recall":0.9999811292270532,"f1-score":0.9999811292270532,"support":211968}},"class_names":["_background","Arduino Uno","DHT11 Temperature sensor","ESP32","Esp32-cam","Lora_trx","Water quality sensor"]},"float32":{"support":211968,"confusion_matrix":[[211944,0,1,0,0,0,0],[0,3,0,0,0,0,0],[1,0,2,0,0,0,0],[0,0,0,2,0,0,0],[0,0,0,0,8,0,0],[0,0,0,0,0,3,0],[1,0,0,0,0,0,3]],"non_background":{"precision":0.9545454545454546,"recall":0.9130434782608695,"f1":0.9333333333333332},"classification_report":{"0":{"precision":0.9999905636341332,"recall":0.9999952817948052,"f1-score":0.9999929227089038,"support":211945},"1":{"precision":1,"recall":1,"f1-score":1,"support":3},"2":{"precision":0.6666666666666666,"recall":0.6666666666666666,"f1-score":0.6666666666666666,"support":3},"3":{"precision":1,"recall":1,"f1-score":1,"support":2},"4":{"precision":1,"recall":1,"f1-score":1,"support":8},"5":{"precision":1,"recall":1,"f1-score":1,"support":3},"6":{"precision":1,"recall":0.75,"f1-score":0.8571428571428571,"support":4},"accuracy":0.9999858469202898,"macro avg":{"precision":0.9523796043286856,"recall":0.9166659926373532,"f1-score":0.931971778074061,"support":211968},"weighted avg":{"precision":0.9999858469648077,"recall":0.9999858469202898,"f1-score":0.9999855099588957,"support":211968}},"class_names":["_background","Arduino Uno","DHT11 Temperature sensor","ESP32","Esp32-cam","Lora_trx","Water quality sensor"]}}}